id,name,feature_type,read,pattern,sequence
HTO1,B6_PBS_2,Antibody Capture,R2,5PNNNNNNNNNN(BC),ACCCACCAGTAAGAC
HTO2,B6_PBS_2,Antibody Capture,R2,5PNNNNNNNNNN(BC),GGTCGAGAGCATTCA
HTO3,B6_PBS_3,Antibody Capture,R2,5PNNNNNNNNNN(BC),CTTGCCGCATGTCAT
HTO4,B6_PBS_4,Antibody Capture,R2,5PNNNNNNNNNN(BC),AAAGCATTCTTCACG
HTO5,B6_PBS_4,Antibody Capture,R2,5PNNNNNNNNNN(BC),CTTTGTCTTTGTGAG
HTO6,B6_E0771_OT_2,Antibody Capture,R2,5PNNNNNNNNNN(BC),TATGCTGCCACGGTA
HTO7,B6_E0771_OT_3,Antibody Capture,R2,5PNNNNNNNNNN(BC),GAGTCTGCCAGTATC
HTO8,B6_E0771_OT_4,Antibody Capture,R2,5PNNNNNNNNNN(BC),TATAGAACGCCAGGC
HTO9,B6_E0771_IC_1,Antibody Capture,R2,5PNNNNNNNNNN(BC),TGCCTATGAAACAAG
HTO10,B6_E0771_IC_2,Antibody Capture,R2,5PNNNNNNNNNN(BC),CCGATTGTAACAGAC
HTO11,B6_E0771_IC_3,Antibody Capture,R2,5PNNNNNNNNNN(BC),GCTTACCGAATTAAC
HTO12,B6_E0771_IC_4,Antibody Capture,R2,5PNNNNNNNNNN(BC),CTGCAAATATAACGG
HTO13,B6_E0771_IC_5,Antibody Capture,R2,5PNNNNNNNNNN(BC),CTACATTGCGATTTG
HTO14,B6_E0771_IC_6,Antibody Capture,R2,5PNNNNNNNNNN(BC),CTTTCGCCAACTCTG
HTO15,B6_E0771_IC_6,Antibody Capture,R2,5PNNNNNNNNNN(BC),CCCTCTCTGGATTCT
HTO16,B6_E0771_IC_8,Antibody Capture,R2,5PNNNNNNNNNN(BC),GATGTATCCGTTGTC
HTO17,Balbc_PBS_1,Antibody Capture,R2,5PNNNNNNNNNN(BC),CTGCCGTTGTGCTAT
HTO18,Balbc_PBS_2,Antibody Capture,R2,5PNNNNNNNNNN(BC),GAATTAAGAGCCGGA
HTO19,Balbc_PBS_3,Antibody Capture,R2,5PNNNNNNNNNN(BC),GAATTAGCTGTGCAA
HTO20,Balbc_PBS_4,Antibody Capture,R2,5PNNNNNNNNNN(BC),CAAGTATCTGCCGTG
HTO21,Balbc_4T1_2_OT_1,Antibody Capture,R2,5PNNNNNNNNNN(BC),CTTTAGTTCGTTGTG
HTO22,Balbc_4T1_2_OT_2,Antibody Capture,R2,5PNNNNNNNNNN(BC),GTGTTGTTCCCACAT
HTO23,Balbc_4T1_2_OT_3,Antibody Capture,R2,5PNNNNNNNNNN(BC),TTATTGGGCCGTATC
HTO24,Balbc_4T1_2_OT_4,Antibody Capture,R2,5PNNNNNNNNNN(BC),GCTGGAGTATATCCG
